Title,Keywords,Year
Dead Heat on a Merry-Go-Round,"['caper crime', 'airport', 'robbery', 'bank', 'heist', 'prison', 'parole', 'psychiatrist', 'disguise', 'caper comedy']",1966
The North Avenue Irregulars,"['car chase', 'road rage', 'gambling', 'underwear', 'motorcycle', 'store', 'rock music', 'explosion', 'gang member', 'car crash']",1979
The Rains of Ranchipur,"['doctor', 'india', 'adultery', 'flood', 'epidemic', 'based on novel', 'dysfunctional marriage', 'rich bitch', 'manipulative female', 'manipulative wife']",1955
Damage,"['cage', 'greco roman wrestling', 'martial arts tournament', 'prize fighter', 'prizefighting', 'fighter', 'father daughter relationship', 'mixed martial arts', 'martial arts', 'hand to hand combat']",2009
Wolf Girl,"['two word title', 'made for television', 'tv movie', 'freakshow', 'hypertrichosis', 'werewolf horror', 'female nudity', 'female rear nudity', 'freak', 'prejudice']",2001
Other People's Money,"['lawyer', 'satire', 'speech', 'opera', 'new england', 'opportunity', 'manhattan', 'ends with freeze frame', 'company', 'negotiation']",1991
Redcon-1,"['fictional war', 'virus', 'military', 'zombie apocalypse', 'zombie survival', 'zombie outbreak', 'british army', 'british horror', 'survivors', 'gang']",2018
Shyam Singha Roy,['reincarnation'],2021
Kamikaze,"['one word title', 'invention', 'psychotronic film', 'inventor', 'office', 'science', 'science gone wrong', 'mad scientist', 'machine', 'broken bottle']",1986
Thimiru Pudichavan,['city'],2018
Ayos na... ang kasunod,"['ellipsis in title', 'punctuation in title', 'four word title']",2000
Gabriel's Inferno: Part One,"['love at first sight', 'submissive woman', 'first sex', 'woman losing virginity', 'old flame', 'anger issues', 'reference to dante and beatrice', 'reference to dante alighieri', 'reference to beatrice portinari', 'soul mates']",2020
Under Suspicion,"['sex scene', 'pedophile', 'police', 'child rape', 'marriage of convenience', 'estranged wife', 'prostitute', 'dysfunctional marriage', 'voyeur', 'surprise ending']",2000
Harry in Your Pocket,"['theft', 'life of crime', 'crime victim', 'team of criminals', 'career criminal', 'man and woman share a bed', 'cigarette', 'pickpocket', 'criminal', 'cocaine']",1973
Mission Kashmir,"['kashmir', 'revenge', 'nightmare', 'accident', 'missile', 'fatwa', 'orphan', 'die hard scenario', 'tough guy', 'territory name in title']",2000
Lupin III: The First,"['cgi animation', 'nazi', 'diary', 'car chase', 'car accident', 'orphan', 'orphan girl', '20 years later', 'paris france', 'stealing']",2019
Bridge of the Doomed,"['zombie', 'female frontal nudity', 'female nudity', 'female rear nudity']",2022
Where the Red Fern Grows,"['barefoot male', 'barefoot boy', 'tickling feet', 'overalls', 'boy wearing overalls', 'pet dog', 'loss of pet', 'timeframe 1930s', 'boy', 'fern']",1974
Pervirella,"['hot', 'sex scene', 'sexy', 'sex', 'queen', 'female nudity', 'tyrant', 'lesbian', 'orgy', 'independent film']",1997
Flashback,"['journey', 'begins with a dream', 'overhead camera shot', 'job interview', 'boyfriend girlfriend relationship', 'flashback', 'school librarian', 'classroom', 'school bully', 'nursing home']",1990
Don't Tell,"['two word title', 'australian', 'punctuation in title', 'apostrophe in title', 'bully', 'bullying', 'power politics', 'narcissism', 'misogyny', 'greed']",2017
Criminal Activities,"['cleveland ohio', 'set up', 'revenge', 'bully', 'army buddy', 'wired', 'fbi informant', 'mobster', 'shot to death', 'body dumped in a lake']",2015
Railroaded!,"['b movie', 'poverty row film', 'low budget film', 'damsel in distress', 'perfumed bullets', 'double feature film', 'double cross', 'deception', 'homicide detective', 'cigarette smoking']",1947
A Night in the Life of Jimmy Reardon,"['older woman younger man relationship', 'teen movie', 'high school graduation', 'father son relationship', 'mother son relationship', 'evanston illinois', 'best friend', ""affair with friend's girlfriend"", 'cheating girlfriend', 'cheating husband']",1988
Jane Eyre,"['character name as title', 'yorkshire england', 'timeframe 1840s', 'timeframe 19th century', 'costume drama', 'secret', 'governess', 'friendship', 'horseback riding', 'moor the landscape']",2011
Tooth Fairy,"['hare krishna', 'man wears eyeglasses', 'chevrolet', 'chevrolet corvette', 'ford motor company', 'gmc', 'honda', 'jeep', 'volkswagen', 'infiniti']",2010
Garden Party,"['looking at oneself in a mirror', 'pornographer', 'party', 'artist', 'musician', 'gay', 'bar', 'realtor', 'cleavage', 'bare chested male']",2008
Phobias,"['patient', 'facility', 'test', 'doctor', 'evil doctor', 'fear', 'anthology film', 'psychotronic film', 'one word title']",2021
Ace Ventura: When Nature Calls,"['kidnapping', 'caught masturbating', 'fictional country', 'slapstick comedy', 'cult favorite', 'chief', 'bare shoulders', 'ace ventura character', 'five word title', 'princess']",1995
High Plains Drifter,"['anti hero', 'revisionist western', 'outlaw', 'revenge', 'small town', 'rape', 'gunfighter', 'gravestone', 'man with no name', 'beating']",1973
Wag the Dog,"['black comedy', 'satire', 'scandal', 'political corruption', 'political conspiracy', 'political campaign', 'washington d.c.', 'media manipulation', 'secret service', 'political consultant']",1997
The Satan Bug,"['biological warfare', 'germ warfare', 'laboratory', 'race against time', 'mad scientist', 'research station', 'neo noir', 'bioterrorism', 'biohazard', 'biological weapon']",1965
Guns,"['cult film', 'buxom', 'woman wears a bikini', 'woman wears a g string', 'woman wears black lingerie', 'girls with guns', 'bikini', 'female frontal nudity', 'female rear nudity', 'scantily clad female']",1990
Ma mère,"['mother son incest', 'masturbation', 'public nudity', 'barefoot male', 'mother son love', 'natural', 'older woman younger man sex', 'female full rear nudity', 'male full frontal nudity', 'male full rear nudity']",2004
Speed,"['bus', 'bomb', 'time bomb', 'public transport', '1990s', 'terrorist plot', 'police', 'rescue', 'bomb squad', 'police car']",1994
Brother Orchid,"['character name as title', 'nickname as title', 'monastery', 'monk', 'two word title', 'loyalty', 'runyonesque characters', 'ex convict', 'flower in title', 'racketeer']",1940
Point of Terror,"['big breasts', 'breast', 'breasts', 'grindhouse film', 'drive in classic', 'exploitation film', 'exploitation', 'american horror', 'american cinema', '1970s']",1971
Spotlight,"['investigation', 'child molestation', 'sexual abuse', 'catholic church', 'cover up', 'newspaper', 'investigative journalism', 'journalist', 'catholicism', 'journalism']",2015
The Silence,"['survival', 'post apocalypse', 'trying to avoid making noise', 'farmhouse', 'based on novel', 'deaf girl', 'teenage girl', 'american sign language', 'fence', 'thunderstorm']",2019
Gajakesari,[],2014
African Kung-Fu Nazis,[],2019
Pink Floyd: The Wall,"['drugs', 'loss of father', 'adolescence', 'smashing a tv set', 'smashing a window', 'musician', 'rock musician', 'cheating wife', ""rock 'n' roll"", 'marriage']",1982
The Sweet Hereafter,"['slut shaming', 'lawyer', 'community', 'school bus', 'lawsuit', 'school bus accident', 'class action lawsuit', 'small town', 'death of a child', 'child drowning']",1997
Flux Gourmet,"['culinary', 'male nudity', 'female nudity', 'artist', 'performance art', 'quirky comedy', 'dark comedy']",2022
Noah's Shark,"['shark thriller', 'epic quest', 'ancient curse']",2021
The Shortcut,"['mysterious boy', 'teenage boy', 'hit on the head', 'teenage girl', 'high school', 'year 1945', 'hit on the head with a stone', 'stone as a weapon', 'world war two', 'reference to world war two']",2009
MoniKa,"['female rear nudity', 'female nudity']",2012
Leprechaun,"['cult film', 'evil creature', 'f word', 'child swearing', 'creature', 'monster', 'gasoline', 'treasure', 'talking in rhymes', 'urban fantasy']",1993
Endless,[],2020
Gladiatress,"['male objectification', 'barefoot male', 'one word title', 'wrapped in a sheet', 'male nudity', 'male rear nudity', 'nudity', 'clothed female naked male scene', 'bare butt', 'voyeurism']",2004
Gatlopp,['surreal comedy'],2022
Here,[],2023
The Last Victim,"['contemporary western', 'organized crime', 'violence']",2021
Waxwork II: Lost in Time,"['transformation', 'time traveler', 'time travel into the past', 'male time traveler', 'female time traveler', 'forwards time travel', 'backwards time travel', 'reference to time travel', 'back in time', 'time travelers']",1992
Porgy and Bess,"['national film registry', 'f rated', 'character names as title', 'timeframe 1910s', 'murder', 'south carolina', 'drugs', 'fishing village', 'based on stage musical', '70mm film']",1959
The Fighting Kentuckian,"['kentuckian', 'frenchwoman', 'alabama', 'land owner', 'bare chested male', 'male male relationship', 'three word title', 'horse and buggy', 'small town', 'regiment']",1949
Fighter Squadron,"['u.s. military', 'airplane cockpit', 'world war two pilot', 'fighter plane', 'fighter pilot', 'check point', 'camera', 'reference to ebbetts field', 'craps', 'cigar']",1948
Ordinary People,"['psychiatrist', 'mother son relationship', 'suicide', 'boating accident', 'dysfunctional family', 'psychoanalysis', 'father son relationship', 'based on novel', 'drowning', 'choir']",1980
Shirley Valentine,"['greece', 'vacation', 'housewife', 'extramarital affair', 'middle age romance', 'middle aged woman', 'british', 'female protagonist', 'greek island', 'husband wife relationship']",1989
The Barbarian,"['cigarette case', 'reference to aqueduct', 'arab man', 'dragoman', 'marriage engagement', 'tour guide', 'lecherous man', 'prince', 'interrupted wedding', 'gigolo']",1933
Blended,"['basketball', 'baseball game', 'baseball bat', 'baseball', 'father daughter relationship', 'mother son relationship', 'reference to julie andrews', 'reference to the sound of music', 'reference to africa', 'reference to facebook']",2014
Three Way,"['cleavage', 'scantily clad female', 'topless female nudity', 'breasts', 'bare breasts', 'no panties', 'nude', 'nude girl', 'nudity', 'female frontal nudity']",2004
Highball,"['party', ""new year's eve party"", 'halloween party', 'gay slur', 'gay character', 'birthday party', 'independent film']",1997
Son of Sardaar,"['buffalo', 'threshold', 'mansion', 'bed', 'doctor', 'vengeance', 'remake', 'motorcycle', 'houseguest', 'escape']",2012
Zodiac,"['zodiac killer', 'serial killer', 'mysterious murderer', 'true crime', 'reporter', 'zodiac', 'cartoonist', 'year 1991', 'year 1983', 'year 1979']",2007
The Big Bull,"['market', 'timeframe 1990s']",2021
Steel Dawn,"['water', 'blonde', 'blonde woman', 'thirst', 'bearded man', 'curly hair', 'dog', 'farm', 'dead father', 'foreman']",1987
Silver Dream Racer,"['motorsports sport', 'silverstone', 'world championship', 'father son relationship', 'grief', 'brother in law sister in law relationship', 'american abroad', 'motorcycle crash', 'tragic event', 'trophy']",1980
City of Fear,"['manhunt', 'neo noir', 'b movie', 'double feature film', 'deception', 'brutality', 'abuse', 'cell mate', 'fugitive', 'drug dealer']",1959
Satyameva Jayate,"['police corruption', 'corruption', 'anti corruption', 'serial killer', 'vigilante', 'mumbai india', 'police officer']",2018
Hit the First Case,[],2022
Born to Dance,['dancer'],2015
"Paris, Texas","['desert', 'possessive love', 'motel', 'amnesia', 'father son relationship', 'surrealism', 'walking in the desert wearing a suit', 'vacant lot', 'cigarette smoking', 'wander']",1984
Upside Down,"['gravity', 'childhood', 'amnesia', '3 dimensional', 'duplicate earth', 'two worlds', 'two word title', 'psychotronic film', 'memory', 'corporation']",2012
Angel of Death,"['death in title', 'body lands on a car', 'knocked unconscious', 'assassin', 'mob', 'female protagonist', 'x rayed skeleton', 'wheelchair', 'undercover agent', 'threatened with a knife']",2009
An American Crime,"['close up of eyes', 'murder of sylvia likens', 'single mother', 'carnival', 'basement', '1960s', 'underage smoking', 'saying grace', 'record player', 'money problems']",2007
Quantum of Solace,"['james bond character', 'water rights', 'spy hero', 'secret agent', 'british intelligence', 'opera', 'austria', 'espionage', 'death of friend', 'attempted rape']",2008
Seeru,['friend'],2020
Jellyfish,"['one word title', 'stand up comedy', '15 year old', 'caretaker', 'manic depression', 'teenager', 'feature film directorial debut', 'animal in title', 'sibling relationship', 'older sister looking after younger siblings']",2018
Ride or Die,"['female full frontal nudity', 'lesbian love', 'female pubic hair', 'lesbian cunnilingus', 'fingering vagina', 'escape', 'run', 'emotion', 'saving', 'abusive husband']",2021
The Last Safari,"['scene during opening credits', 'aerial camera shot', 'elephant hunter', 'charging elephant', 'trampled to death', 'male bonding', 'animal attack', 'boyfriend girlfriend relationship', 'biracial', 'photographer']",1967
Sling Blade,"['southern gothic', 'mental institution', 'small town', 'neo noir', 'based on play', '1990s', 'good man', 'repair shop', 'sadistic psychopath', 'written and directed by cast member']",1996
Dragon Quest: Your Story,"['based on video game', 'dragon quest']",2019
Snow Day,"['girl', 'kiss', 'voice over narration', 'small town', 'meteorologist', 'snowplow', 'snow', 'love triangle', 'teenage girl', 'teenage crush']",2000
Flashbacks of a Fool,"['flashback', 'adultery', 'male rear nudity', 'female nudity', 'sleeping shirtless', 'sleeping naked', 'sleeping nude', 'waking up naked', 'masturbation', 'male masturbation']",2008
Bullet Proof,['female nudity'],2022
Cats,"['worst picture razzie winner', 'dancing', 'uncanny valley', 'singing', 'cat', 'based on stage musical based on book', 'communicating through song', 'anthropomorphic cat', 'female protagonist', 'based on stage musical']",2019
Truly Madly Deeply,"['videotape', 'loss of loved one', 'london england', 'ghost', 'grief', 'love', 'cello', 'afterlife', 'independent film', 'title spoken by character']",1990
Things to Do in Denver When You're Dead,"['debt', 'contract killer', 'one last job', 'gangster', 'redemption', 'denver colorado', 'mafia', 'hitman', 'neo noir', 'bloody violence']",1995
La stanza del vescovo,"['italy', 'italian gothic', 'lake gothic', 'deep cleavage', 'female pubic hair', 'female full frontal nudity', 'female full rear nudity', 'triangle trimmed female pubic hair', 'nude woman sunbathing', 'brother in law sister in law marriage']",1977
Solo: A Star Wars Story,"['spin off', 'prequel', 'smuggler', 'gangster', 'gambler', 'crime lord', 'star wars', 'lando calrissian character', 'millennium falcon', 'spaceship']",2018
Ablaze,"['oil refinery', 'fire', 'firefighter', 'firefighting', 'brother brother relationship', 'opening action scene', 'police chase', 'insurance fraud', 'car crash', 'pregnancy']",2001
Benny & Joon,"['siblings living together', 'sibling', 'love', 'poker', 'mechanic', 'affection', 'overprotective brother', 'brother sister relationship', 'paint', 'mental illness']",1993
Yodha,[],2022
Wicked,[],2021
All Things to All Men,"['scene during opening credits', 'written by director', 'suspense', 'electronic music score', '2010s', 'three word title', 'neo noir', 'urban setting', 'london eye', ""st paul's cathedral""]",2013
Kap ba ba dik sung,"['undercover', 'brutality', 'bullet ballet', 'combat', 'gun battle', 'gun', 'gun fu', 'slow motion scene', 'blood splatter', 'fight']",1995
Himmatwala,"['construction crane', 'brother sister relationship', 'fight', 'beating', 'shotgun', 'river', 'father daughter relationship', 'photographer', 'apology', 'attempted murder']",1983
Bliss,"['alternative', 'mind bending', 'drug addiction', 'roller skating', 'domestic drama', 'psychological drama', 'feel good romance', 'timeframe 21st century', 'timeframe 2020s', 'surrealism']",2021
The Hunted,"['psychopathic killer', 'body count', 'one man army', 'ex soldier', 'brutality', 'murder of a police officer', 'sadistic murderer', 'old flame', 'obscene gesture', 'mentor']",2003
Bodysnatch,['car'],2017
The BFG,"['orphan', 'giant', 'dream', 'queen', 'london england', 'england', 'based on book', 'traveling to another world', 'abduction', 'orphan girl']",2016
American Bigfoot,"['found footage', 'ass', 'female nudity', 'female full frontal nudity', 'female rear nudity', 'female frontal nudity']",2022
In Search of the Castaways,"['intergenerational friendship', 'biblical quote', 'english', 'insanity', 'dry riverbed', 'timeframe 1850s', 'captain', 'note', 'sea', 'lord']",1962
Lavender,['psychotronic film'],2016
The Legend of Awesomest Maximus,"['300', 'historical parody', 'bare chested male', 'tripping over a dead body', 'archer', 'cavalry', 'pole dancer', 'bare breasts', 'obscene finger gesture', 'hand on breast']",2011
I Like to Play Games,"['pubic hair', 'male nudity', 'sex in a bathtub', 'sex in a limousine', 'sex on a table', 'using sex to get ahead', 'femme fatale', 'male full frontal nudity', 'candle wax', 'negligee']",1995
Greyhound,"['world war two', 'u boat', 'war at sea', 'naval convoy', 'battle of the atlantic', 'u.s. navy', 'north atlantic', '1940s', 'convoy', 'depth charge']",2020
Creatures,['alien'],2021
Ittu Si Baat,[],2022
The Man from Earth,"['single setting', 'dialogue driven', 'storytelling', 'cro magnon', 'heart attack', 'caveman', 'single set production', 'huis clos', 'professor', 'atheism']",2007
Gunshy,"['cheating girlfriend', 'caught having sex', 'nurse', 'infidelity', 'reference to moby dick', 'female nudity', 'wheelchair', 'organized crime', 'atlantic city new jersey', 'paraplegic']",1998
Sherlock Jr.,"['false accusation', 'surrealism', 'national film registry', 'character name as title', 'entering movie via screen', 'out of body experience', 'sucked into the cinema screen', 'dreaming of being in the cinema screening', 'slipping on a banana peel', 'stolen watch']",1924
5150,['secret'],2016
Guidance,"['future', 'arthouse']",2021
Rock 'n' Roll High School,"['psychotronic film', 'reference to vince lombardi', 'new principal', 'smoking in the school bathroom', 'reference to albert einstein', 'concert', 'paper airplane', 'waiting in line', 'cutting in line', 'concert ticket']",1979
Angel of H.E.A.T.,"['gagged woman', 'mad scientist', 'microchip', 'female government agent', 'rafting', 'martial arts', 'female protagonist', 'sex comedy', 'theme song', 'brawl']",1983
Humraaz,"['man wears eyeglasses', 'marriage', 'remorse', 'redemption', 'betrayal', 'anger', 'marriage proposal', 'telephone call', 'murder plot', 'love triangle']",2002
Minority Report,"['year 2054', 'future noir', 'neo noir', 'washington d.c.', 'psychic', 'computer', 'halo', 'eye scanning', 'futuristic', 'predictive policing']",2002
A Dangerous Place,"['dojo', 'karate', 'martial arts', 'interracial relationship', 'murder disguised as suicide', 'breaking and entering', 'burglary', 'break in', 'home invasion', 'basketball court']",1994
Three in the Attic,"['body painting', 'clothed female naked male scene', 'artist', 'posing nude', 'posing naked', 'barefoot male', 'bare chested male', 'portrait', 'portrait painting', 'painter']",1968
Patient Zero,"['patient', 'experiment', 'zombie', 'wife', 'elevator', 'cigarette smoking', 'husband wife relationship', 'open ended', 'female doctor', 'two word title']",2018
Attila,"['character name as title', 'one word title', 'mockbuster', 'staff of moses', 'walking stick', 'reference to moses', 'eastern europe', 'fictional war', 'u.s. soldier', 'barbarian']",2013
Bajrangi Bhaijaan,"['muscleman', 'machismo', 'tough guy', 'torture', 'interrogation', 'pakistan', 'mosque', 'muslim', 'brahmin', 'little girl']",2015
Mighty Joe Young,"['leopard', 'hide and seek', 'wildlife preserve', 'animal sanctuary', 'animal conservation', 'finger bitten off', 'lullaby', 'traffic accident', 'searchlight', 'ferris wheel']",1998
The Big Green,"['close up of eyes', 'texas', 'fast motion scene', 'slimehouse', 'soccer sport', 'teen sport', 'sports team', 'soccer', 'overalls', 'soccer movie']",1995
The Trouble with Harry,"['corpse', 'based on novel', 'vermont', 'small town', 'autumn', 'black comedy', 'dead body', 'cover up', 'hunting', 'love']",1955
Oppam,['girl'],2016
Minari,"['hope', 'friendship', 'korean american', 'korean immigrant', 'paper airplane', 'little boy wets the bed', 'trash burning', 'reference to ronald reagan', 'man carries a wooden cross over his shoulder', 'snake']",2020
Broken Vows,"['two word title', 'female protagonist', 'debut film', 'nightclub', 'bartender', 'one night stand', 'cheating fiance', 'fiance fiancee relationship', 'bachelorette', 'wedding']",2014
Company,"['criminal syndicate', 'policeman', 'gangster', 'crime boss', 'rivalry', 'organized crime', 'criminal underworld', 'mob violence', 'mumbai india', 'neo noir']",2002
The Doolins of Oklahoma,"['arkansas', 'oklahoma territory']",1949
Dread,"['childhood trauma', 'fear', 'birthmark', 'sociopath', 'mental breakdown', 'hunger', 'insanity', 'psychopath', 'violence', 'college student']",2009
Never Say Die,"['taxi', 'taxi driver', 'train', 'independent film']",1988
Ana y Bruno,['father'],2017
Biser Bojane,[],2017
The Other Side of Heaven 2: Fire of Faith,"['sequel', 'second part', 'missionary', 'tonga', '1960s', 'christian propaganda', 'christianity', 'christian film', 'christian movie', 'christian']",2019
Tigres,[],2020
Two Way Stretch,"['prisoner', 'brandy', 'craps', 'slapstick comedy', 'cigar smoking', 'loss of freedom', 'imprisonment', 'british comedy', 'england', 'prison cell']",1960
The Cutting Edge,"['bare chested male', 'implied sex', 'working out', 'gymnasium', 'family business', 'playing hockey', 'slap shot', 'ends with a kiss', 'winter sport', 'olympics']",1992
A Dark Foe,"['san bernadino california', 'year 1989', 'birthday party', 'nyctophobia', 'psychologist', 'fbi agent', 'anxiety attack', 'hide and seek', 'punched in the face', 'attic']",2020
The Art of War,"['hero murders a woman', 'nude wears eyeglasses', 'fbi federal bureau of investigation', 'motor vehicle', 'car', 'automobile', 'u.s. car', 'cadillac', 'cadillac motor vehicle', 'chevrolet']",2000
Sanjuro,"['massacre', 'diversionary tactic', 'corruption', 'samurai', 'warrior', 'rescue', 'power struggle', 'conspiracy', 'sword fight', 'mercenary']",1962
Demon Sealer Bureau,[],2022
Summer Gold,[],2023
Parallel Minds,['memory'],2020
Jaguar,['death'],2016
Come Back Charleston Blue,"['heroin', 'pool table', 'champagne', 'blaxploitation film', 'cigar smoking', 'sequel', 'montage', 'gun', 'violence', 'sex']",1972
Katalin Varga,"['revenge', 'rape', 'rape and revenge', 'folktale', 'male full frontal nudity', 'pubic hair', 'male pubic hair', 'woods', 'carpathian mountains', 'horse']",2009
The Interview,"['finger bitten off', 'assassination attempt', 'dictator', 'male nudity', 'alternate history', 'communist dictatorship', 'north korea', 'black comedy', 'battle', 'gunfight']",2014
Fled,"['police chase', 'massage parlor', 'hitman', 'death of girlfriend', 'stone mountain', 'cable car', 'tracking device', 'falling from a cable car', 'computer hacker', 'culvert']",1996
Angels Apocalypse,['earth'],2015
Psychophonia,"['jogger', 'reference to castration', 'husband wife relationship', 'los angeles california', 'communications expert', 'patent', 'ex wife', 'artist', 'painter', 'lesbian kiss']",2016
Cryptid,['journalist'],2022
The Harbinger,['daughter'],2022
The Valachi Papers,"['mobster', 'three word title', 'prison yard', 'car chase', 'robbery', 'mugging', 'warehouse', 'police chase', 'prison cell', 'newspaper article']",1972
Slash/Back,[],2022
Occupation: Rainfall,"['alien', 'spaceship', 'earth', 'invasion', 'laser', 'fight', 'battlefield', 'military', 'soldier', 'male soldier']",2020
Horrible Histories: The Movie - Rotten Romans,"['musical number', 'ancient romans', 'roman', 'emperor nero', 'spoof', 'celt', 'reference to scarlett johansson', 'british', 'vomit', 'toilet humour']",2019
Cybernator,"['stripper', 'cyborg', 'post apocalypse', 'dystopia', 'military', 'secret project', 'murder investigation', 'independent film']",1991
Mirage,"['marriage', 'parallel universe', 'timeline change', 'alternate universe', 'alternate timeline', 'timeline', 'police', 'tv antenna', 'double timeline', 'time']",1990
Gibby,"['gymnastics', 'teenager']",2016
8-Bit Christmas,"['christmas', 'nintendo', 'gift', '1980s', 'game', 'hbo max', 'year 1980', 'holiday', 'shopping mall', 'mall']",2021
Stay Hungry,"['birmingham alabama', 'based on novel', 'bluegrass music', 'bodybuilder', 'reference to batman', 'suit of armor', 'confederate flag', 'bodybuilding competition', 'female rear nudity', 'gym']",1976
Khushi,"['character name as title', 'forename as title', 'one word title', 'remake']",2003
Captivity,"['kicked in the crotch', 'rape by deception', 'crawling through an air shaft', 'taking a pet dog to a public place', 'strapped to a chair', 'funnel in mouth', 'sexy woman', 'strapped to a bedframe', 'captive', 'voyeur']",2007
The Tiger Rising,['boy'],2022
Two of a Kind,"['four word title', 'bank teller', 'angel', 'inventor', 'male female relationship', 'shot in the chest', 'mafia', 'devil', 'restaurant', 'disguise']",1983
WWII: The Long Road Home,"['world war two', 'debut', 'elliott hasler', 'relsah productions', 'the next spielberg', 'independent film']",2017
The Two Faces of January,"['greece', 'ruins', 'athens greece', 'american in europe', 'foot chase', '1960s', 'con artist', 'tourist', 'tour guide', 'chase']",2014
Hellboy,"['demon', 'based on comic', 'superhero', 'magic', 'sorceress', 'death', 'wizard', 'reboot', 'based on graphic novel', 'violence']",2019
The Flesh and the Fiends,"['edinburgh scotland', '19th century', 'boarding house', 'serial killer', 'corpse', 'cemetery', 'doctor', 'grave robbing', 'based on true story', 'scotland']",1960
The World's End,"['paranoia', 'twin actresses for twin sisters', 'doppelganger', 'group therapy', 'alcoholic', 'self mutilation', 'crushed head', 'suspense', 'femme fatale', 'improvised weapon']",2013
Rent-a-Cop,"['b movie', 'looking at oneself in a mirror', 'witness protection', 'prostitute', 'call girl', 'hotel', 'street shootout', 'fur muff', 'broadway musical', 'kiss']",1987
Friday the 13th Part 2,"['pitchfork', 'ice pick', 'slasher', 'sadism', 'torture', 'mrs pamela voorhees character', 'sequel', 'sadistic murderer', 'serial teen murderer', 'drive in classic']",1981
Night of the Demons,"['female frontal nudity', 'halloween party', 'scantily clad female', 'bare breasts', 'nudity', 'female nudity', 'nipples visible through clothing', 'panties', 'white panties', 'sex in bed']",2009
Jabberwocky,"['monster', 'sword and sorcery', 'black comedy', 'knight', 'forest', 'castle', 'character name in title', 'breasts', 'jousting', 'british']",1977
Eden Lake,"['camping', 'united kingdom', 'england', 'lake', 'forest', 'husband wife relationship', 'no survivors', 'fight for survival', 'bare chested man', 'british horror']",2008
Grand Theft Parsons,"['timeframe 1970s', 'musician', 'hearse', 'singer', 'manager', 'guitar', 'fire', 'death', 'country music', 'corpse']",2003
The Wizard,"['hitchhiking', 'nintendo', 'arcade game', 'california', 'travel', 'chase', 'vandalizing a car', 'stealing money', 'journey', 'girl']",1989
Anchorman 2: The Legend Continues,"['father son relationship', 'sea world', 'beach', 'funeral', 'interracial relationship', 'interracial kiss', 'interracial sex', 'dolphin', 'fired from a job', 'kicked in groin']",2013
Brief Encounter,"['adultery', 'organist', 'reference to cardinal richelieu', 'accidental meeting', 'reference to john keats', 'reference to shirley temple', 'told in flashback', 'shakespearean quote', 'quote from richard iii', 'love']",1945
The Lizzie McGuire Movie,"['actress', 'princess', 'rome italy', 'colosseum rome', 'character name as title', 'lizzie mcguire character', 'live action and animation', 'europe', 'italy', 'italian']",2003
Murder She Said,"['woman strangled to death', 'miss marple', 'dead woman', 'dead woman with protruding tongue', 'man strangles woman', 'high heels', 'dead woman on floor', 'strangulation', 'based on novel', '1960s']",1961
Mama,"['mother daughter relationship', 'supernatural horror', 'haunted house', 'cabin in the woods', 'ghost', 'one word title', 'based on short film', 'title spoken by character', 'cabin', 'character name as title']",2013
The Royal Treatment,"['royal', 'love', 'afraid', 'marry', 'hairdresser', 'romantic', 'married', 'wedding', 'lifetime']",2022
Edison,"['stabbed in the stomach', 'fbi federal bureau of investigation', 'reporter', 'justice', 'detective', 'district attorney', 'police', 'journalist', 'black and white scene', 'gunfight']",2005
Prelude to a Kiss,"['body swap', 'role reversal', 'sex change', 'screenplay adapted by author', 'body swap comedy', 'transformation', 'supernatural romance', 'romantic fantasy', 'love', 'body transformation']",1992
Apocalypto,"['mayan', 'tribe', 'prophecy', 'hunted turns hunter', 'knife', 'stabbed in the chest', 'female nudity', 'wrist slitting', 'jungle', 'impalement']",2006
The Immortal Wars,"['superhero', 'virus', 'mushroom cloud', 'mexico flag', 'usa flag', 'australian flag', 'french flag', 'japanese flag', 'year 2018', 'man on fire']",2017
Queen Marie of Romania,"['paris peace conference', 'world war one', 'treaty of versailles', 'kingdom of romania', 'romanian abroad', 'embroidery', 'loosely based on historical events', 'royalty', 'year 1919', 'timeframe 1910s']",2019
RRRrrrr!!!,"['absurd humor', 'surreal humor', 'tribe', 'shampoo', 'false accusation', 'tribal', 'tribal chief', 'modern stone age humor', 'caveman', 'volleyball']",2004
Hit & Run,['policeman'],2019
Sukiyaki Western Django,"['treasure', 'cemetery', 'murder', 'sword', 'samurai', 'woman smokes a cigar', 'tattooed woman', 'cigar smoking', 'dead body with eyes open', 'stabbed with a crucifix']",2007
The Broken,"['car crash', 'broken mirror', 'doppelganger', 'murder of a nude woman', 'nudity', 'downward spiral', 'neo noir', 'radiologist', 'car accident', 'nightmare']",2008
If I Were King,"['15th century', '1460s', 'timeframe 1460s', 'timeframe 15th century', 'poet', 'hundred years war', 'title in title', 'king louis xi', 'paris france', 'based on novel']",1938
Blood Vessel,"['vampire', 'atlantic ocean', 'north atlantic', 'nazi', 'battleship', 'soldier', 'coffin', 'world war two', 'year 1944', 'female vampire']",2019
Since You Went Away,"['victory garden', 'lodger', 'homefront', 'rationing', 'praying', 'bedtime prayer', 'war effort', 'teenage girl', 'rain', 'haystack']",1944
Main Aur Charles,['police'],2015
Eddie and the Cruisers,"['timeframe 1960s', 'timeframe 1980s', 'reporter', '1960s', ""rock 'n' roll"", 'bridge', 'new jersey', 'cult film', '1980s', 'tape recording']",1983
Hostile Intentions,"['car crash', 'car falling off a cliff', 'police corruption', 'tijuana mexico', 'rape', 'nudity', 'independent film']",1995
Dementia 13,"['irish', 'ireland', 'son', 'screaming underwater', 'psychotronic film', 'see through', 'nightgown', 'mentally disturbed person', 'rowing a boat', 'prescription bottle']",1963
The Rainmaker,"['insurance company', 'courtroom drama', 'lawyer', 'courtroom', 'underdog', 'lawsuit', 'domestic violence', 'abused wife', 'marital abuse', 'bare chested male']",1997
The Big Lebowski,"['rug', 'nihilism', 'pornographer', 'mistaken identity', 'death of friend', 'bowling alley', 'bowling', 'death', 'cult film', 'millionaire']",1998
No Mercy,"['violence', 'rape and revenge', 'rape', 'revenge']",1986
Death Wish II,"['vigilante', 'rape', 'prostitute', 'woman in jeopardy', 'street gang', 'one man crusade', 'gang rape', 'female rear nudity', 'female nudity', 'one man army']",1982
Madaari,['revenge'],2016
The Great Outdoors,"['bear', 'husband wife relationship', 'brother in law brother in law relationship', 'teenage boy', 'raccoon', 'brother brother relationship', 'father son relationship', 'father daughter relationship', 'rivalry', 'teenage girl']",1988
Let Me In,"['vampire', 'bully', 'loneliness', 'remake', 'cigarette', 'neo noir', 'draining blood from a dead body', 'religious mother', 'dark fantasy', 'children']",2010
Pork Chop Hill,"['u.s. soldier', 'american abroad', 'korean war', 'year 1953', 'based on true story', 'browning automatic rifle', 'rifle', 'firearm', 'u.s. military', 'bayonet charge']",1959
Sahne zani,[],2021
Find Me Guilty,"['ends with freeze frame', 'fbi federal bureau of investigation', 'timeframe 1980s', 'mafia', 'mobster', 'court', 'judge', 'drugs', 'lawyer', 'racial slur']",2006
Saahasam Swaasaga Saagipo,['love'],2016
Bridget Jones: The Edge of Reason,"['thailand', 'marriage proposal', 'prison', 'boyfriend girlfriend relationship', 'opposites attract', 'lesbian kiss', 'lesbian', 'love triangle', 'nobody does it better', 'intern']",2004
Highway 395,['jail'],2000
Orions belte,"['manhunt', 'norway', 'cold war', 'multiple language version', 'svalbard', 'weather', 'tourist', 'sinking boat', 'shot in the leg', 'secret base']",1985
The Glass Cage,"['fired from a job', 'severed finger', 'dinner theater', 'dancing girl', 'playing acoustic guitar', 'massage', 'puerto vallarta mexico', 'cessna 310', 'passionate kiss', 'kissing in public']",1996
The Stairs,"['bare chested male', 'leech', 'timeframe 1990s', 'man wears a swimsuit', 'man wears a speedo swimsuit']",2021
Les nuits rouges du bourreau de jade,"['hong kong giallo', 'belgian giallo', 'giallo', 'poison', 'french giallo', 'actress shares first name with character', 'hong kong', 'blood', 'butterfly tattoo', 'tattoo']",2010
What Josiah Saw,"['sin', 'atonement']",2021
"Ao, le dernier Néandertal","['nudity', 'body paint', 'topless female nudity', 'sex scene', 'side boob', 'inner monologue', ""last of one's kind"", 'healing', 'skull', 'name in title']",2010
The Prom,"['reference to cher', 'high school', 'prom', 'lgbt', 'indiana', 'reference to eleanor roosevelt', 'based on broadway musical', 'lesbian character', 'reference to franklin d. roosevelt', 'broadway manhattan new york city']",2020
Le Miracle du Saint Inconnu,"['morocco', 'desert', 'western sahara', 'buried loot', 'loot buried in grave', 'engine failure', 'police arrest', 'released from prison', 'thief', 'mausoleum']",2019
The Grudge 2,"['telephone terror', 'ghost', 'schoolgirl', 'haunted house', 'cat', 'urinating in fear', 'supernatural horror', 'ticklishness', 'remake', 'grindhouse film']",2006
Dial M for Murder,"['blackmail', 'murder', 'tennis player', 'love letter', 'key', 'unfaithful wife', 'wrongful conviction', 'false accusation of murder', 'destroying evidence', 'plot to murder wife']",1954
The Crimson Pirate,"['psychotronic film', 'camp', 'man tied up', 'blindfold', 'walking underwater', 'male male relationship', 'romantic rivalry', 'opening action scene', 'sailing ship', 'pirate']",1952
Evil Dead II,"['grindhouse film', 'evil dead', 'panties', '1980s', 'cult film', 'backwoods', 'sex', 'fake shemp character', 'drive in classic', 'zombification']",1987
Deadsight,['police'],2018
Caprice,[],2018
Cute Little Buggers,"['blood', 'explosion', 'forest', 'gore', 'impalement', 'sword', 'topless female nudity', 'female nudity', 'alien', 'village']",2017
The Stream,['friend'],2013
Fast Company,"['hixploitation', 'drag racing', 'racing', 'cult film', 'cult director', 'revenge', 'racing team', 'quitting a job', 'long distance relationship', 'foul play']",1979
Horrible Bosses 2,"['scene during end credits', 'sex addict', 'sex tape', 'singing in a car', 'reference to franz beckenbauer', 'cleavage', 'scantily clad female', 'blonde', 'voyeur', 'voyeurism']",2014
Maria no chibusa,[],2014
Naan,['orphan'],2012
The Last Gangster,"['fbi federal bureau of investigation', 'timeframe 1920s', 'divorce', 'prison visit', 'penitentiary', 'murder', 'reporter', 'newspaper', 'gangster', 'alcatraz']",1937
Akayla,"['car', 'twin brothers', 'tough cop', 'police commissioner', 'tough guy', 'hero', 'lawyer', 'drunkenness', 'trial', 'drinking']",1991
Roller Blade Warriors: Taken by Force,"['low budget film', 'sexploitation', 'exploitation', 'psychotronic film', 'sword fighter', 'female sword fighter', 'seer', 'mutant', 'nun', 'human sacrifice']",1989
Pertaruhan,['money'],2017
Kick,"['thief', 'adrenaline junkie', 'train', 'police station', 'daredevil', 'chase', 'bicycle', 'police officer', 'robbery', 'mask']",2014
Zeher,"['cheating wife', 'cheating husband', 'police', 'infidelity', 'unfaithfulness', 'sex', 'marital problem', 'love', 'goa india', 'seduction']",2005
Pain & Gain,"['bodybuilder', 'kidnapping', 'based on true story', 'female nudity', 'bikini', 'voyeur', 'voyeurism', 'cleavage', 'blonde', 'pink panties']",2013
Windfall,"['vacation', 'criminal', 'thief', 'young', 'money', 'rolex watch', 'cartier watch', 'psychological drama', 'psychological thriller', 'psychological']",2022
Police Academy 6: City Under Siege,"['police academy', 'sixth part', 'sequel', 'jewelry store robbery', '1980s', 'frame up', 'ends with freeze frame', 'timeframe 1980s', 'crime wave', 'false accusation']",1989
Interrogation,"['lesbian kiss', 'interrogation', 'inmate', 'humiliation', 'hose', 'hopelessness', 'forced confession', 'female nudity', 'baby', 'communism']",2016
Naked Gun 33 1/3: The Final Insult,"['spoof', 'sexual humor', 'slapstick comedy', 'neo screwball comedy', 'absurd comedy', 'cult comedy', 'male protagonist', 'prison', 'police', 'parody']",1994
The Magnificent Ambersons,"['car crash', 'financial ruin', 'spoiled brat', 'class differences', 'comeuppance', 'horseless carriage', 'jealousy', 'forgiveness', 'partially lost film', 'national film registry']",1942
Blue Ice,"['neo noir', 'espionage', 'love', 'conspiracy', 'arms dealer', 'shootout', 'assassin', 'former spy', 'femme fatale', 'coming out of retirement']",1992
Wolf Tracer's Dinosaur Island,"['dinosaur', 'shipwreck']",2004
Desert Saints,"['penthouse', 'american midwest', 'suspense', 'electronic music score', '2000s', 'man kills a woman', 'scene during opening credits', 'gas station attendant', 'f word', 'profanity']",2002
Beau Geste,"['desertion', 'muslim', 'arab', 'arab scout', 'rebellion', 'death of brother', ""legionnaire's song"", 'singer', 'singing', 'character name as title']",1939
Oh! What a Lovely War,"['song', 'world war one', 'anti war', 'reference to rupert brooke', 'family relationships', 'singing', 'general', 'army', '1910s', 'priest']",1969
Lockout,"['space prison', 'sucked out an air lock', 'president', 'prison', 'maximum security prison', 'hostage', 'convict', 'secret service', 'suspended animation', 'orbiting prison']",2012
Sakalakala Vallavan,['villager'],2015
Teen Witch,"['rap', 'teenage girl', 'magic', 'dream', 'fortune teller', 'dog', 'witch', 'bathtub', 'brother sister relationship', 'amulet']",1989
Odiyan,"['odiyan', 'kerala', 'black magic']",2018
Deja Vu,"['alternate timeline', 'patriotism', 'woman in jeopardy', 'opening scene repeated later in film', 'wormhole', 'reference to hurricane katrina', 'tape over mouth', 'wormhole explained by folding paper', 'time machine', 'time traveler']",2006
The Sea of Trees,"['woman with short hair', 'airline stewardess', 'overhead camera shot', 'the color yellow', 'death wish', 'watching tv', 'survival technique', 'river', 'father', 'blonde woman']",2015
Highway to Havasu,"['labia', 'strap on dildo', 'cunnilingus', 'strip club', 'topless female nudity', 'lake havasu arizona', 'arizona', 'awakened by a clock radio', 'failing a test', 'tic tacs']",2017
Hell's Half Acre,"['missing husband', 'damsel in distress', 'asian', 'american', 'henchman', 'brothel', 'held at gunpoint', 'song', 'singer', 'singing']",1954
Untitled Lion King Prequel,"['prequel', 'computer animation', 'cgi animation', '3d animation', 'disney', 'animal', 'lion', 'king', 'africa', 'jungle']",2025
Frantz,"['guilty conscience', 'world war one', 'post world war one', 'year 1919', 'grave', 'soldier', 'la marseillaise', 'nationalism', 'casualty of war', 'war veteran']",2016
The Jurassic Games,"['dinosaur', 'death', 'murder', 'violence', 'virtual world', 'blood', 'death sentence', 'velociraptor', 'game', 'betrayal']",2018
Bearry,[],2021
Serbian Scars,"['belgrade serbia', 'brother', 'weapon', 'terrorist', 'serbia', 'soldier', 'serbian', 'love', 'kosovo', 'freedom']",2009
Before Night Falls,"['poet', 'novelist', 'gay', 'homosexual', 'cuba', 'writer', 'revolution', 'death', 'new york', 'new york city']",2000
Auggie,"['one word title', 'name in title', 'augmented reality', 'marital fidelity', 'early retirement', 'grocery store', 'lifeguard station', 'romance with artificial intelligence', 'talking to a virtual assistant', 'artificial intelligence']",2019
Last Exit to Brooklyn,"['violence against a woman', 'prostitute', 'new york city', 'brooklyn new york city', 'gang rape', 'rape', 'prostitution', 'homosexual', 'drag queen', 'sailor']",1989
Skyjacked,"['disaster film', 'disaster', 'airplane hijack', 'sergeant', 'suspense', 'airplane', 'based on novel', 'airplane hijacking', 'one word title', 'rescue']",1972
The Equalizer,"['vigilante', 'prostitute', 'mysterious past', 'gangster', 'ex soldier', 'assassin', 'fbi agent', 'call girl', 'home invasion', 'teenage prostitute']",2014
Pedro Navaja,"['profanity', 'police corruption', 'pimp', 'character name as title', 'two word title', 'switchblade knife', 'billiards', 'duel with knives', 'pocket knife', 'knife fighting']",1984
Heartbeeps,"['robot', 'love', 'escape', 'servant', 'fish out of water', 'factory', 'nature', 'future', 'machine', 'android']",1981
If....,"['student rebellion', ""boys' school"", 'hate', 'tradition', 'bully', 'revolution', 'social satire', 'violence', 'humiliation', 'homosexuality']",1968
The Breadwinner,"['gender disguise', 'religious intolerance', 'afghanistan', 'prison', 'taliban', 'arranged marriage', 'father daughter relationship', 'poverty', 'tyranny', 'sexism']",2017
Beowulf & Grendel,"['beowulf', 'troll', 'death of father', 'beowulf character', 'king hrothgar character', 'character names as title', 'grendel character', 'psychotronic film', 'fictional kingdom', 'fantasy world']",2005
The Million Eyes of Sumuru,"['female leader', 'upskirt', 'knocked unconscious', 'exploitation', 'traditional chinese funeral', 'bridge explosion', 'richest man in the world', 'cactus bouquet', 'cabin cruiser', 'striking a match']",1967
Snow White and the Seven Dwarfs,"['brothers grimm', 'fairy tale', 'evil stepmother', 'poison apple', 'princess', 'magical mirror', 'evil queen', 'ravenna character', 'snow white character', 'the huntsman character']",1937
Picasso Trigger,"['motorcycle with side car', 'bolt action rifle', 'car explosion', 'woman in a shower', 'boat chase', 'crutch gun', 'roundhouse kick', 'boomerang', 'dirt bike', 'remote controlled toy car']",1988
Mother Night,"['watching tv', 'reference to franklin d. roosevelt', 'fictional biography', 'timeframe 1930s', 'timeframe 1940s', 'timeframe 1960s', 'american', 'spy', 'germany', 'nazi']",1996
Ma,"['revenge', 'lonely woman', 'underage drinking', 'trauma', 'flashback', 'mother daughter relationship', 'whiteface', 'contributing to the delinquency of a minor', 'teen drinking', 'high school crush']",2019
Between the Lines,"['underground newspaper', 'f rated', 'male rear nudity', 'female nudity', 'newspaper', 'journalist', 'scene during end credits', 'undressing', 'male objectification', 'bare chested male']",1977
Kaththi,['fight'],2014
Tarung Sarung,"['money', 'martial art', 'fight', 'competition', 'punch', 'love']",2020
Diet of Sex,"['unsimulated sex', 'fellatio', 'penis', 'male pubic hair', 'vagina', 'female pubic hair', 'erection', 'sex', 'male masturbation', 'male full frontal nudity']",2014
New York,"['fbi federal bureau of investigation', 'taxi driver', 'new york', 'die hard scenario', 'window washer', 'waterboarding', 'university', 'trauma', 'traumatic experience', 'terrorist plot']",2009
Bad Samaritan,"['valet parking', 'burglar', 'captive', 'violence', 'psychopath', 'psychopathic killer', 'tied feet', 'tied up while barefoot', 'sadistic man', 'sadism']",2018
Lapsis,[],2020
Isi & Ossi,"['boxing', 'heidelberg germany', 'fart', 'mannheim germany', 'robbery attempt', 'shot in the foot', 'boxing class', 'reference to armageddon', 'taser', 'compliment']",2020
That's My Boy,"['statutory rape', 'female pedophile', 'pedophilia', 'child molester', 'teacher student relationship', 'teacher student sex', 'nerd', 'female child molester', 'female sexual predator', 'molestation']",2012
Journey to the End of the Night,"['seduction', 'sex scene', 'jealousy', 'exploitation', 'sex', 'brazil', 'suitcase', 'prostitute', 'cocaine', 'killing an animal']",2006
Fida,"['body lands on a car', 'hacker', 'bank', 'apartment', 'suicide attempt', 'best friend', 'gym', 'woman shot in the forehead', 'shot multiple times', 'shot in the head']",2004
Bomba: The Jungle Boy,"['tribe', 'lost', 'character name as title', 'bomba the jungle boy character', 'four word title', 'psychotronic film', 'bare chested male fighting', 'man wears a loincloth', 'reference to the bronx zoo', 'reference to glacier national park']",1949
Corri uomo corri,"['killing a sheriff', 'italo western', 'gold', 'mexican revolution', 'maverick', 'mexican', 'deserted town', 'local newspaper', 'texas mexico border', 'dynamite in mouth']",1968
Reality Bites,"['generation x', 'directorial debut', 'houston texas', 'texas', 'nipples visible through clothing', 'vito russo test passed', 'implied sex', 'car crash', 'smoking marijuana', 'reference to bill clinton']",1994
The Plague Dogs,"['escape', 'dog', 'laboratory', 'research', 'adult animation', 'shooting', 'shotgun', 'cruelty', 'blood', 'feral animal']",1982
The Willoughbys,"['nanny', 'mustache', 'neglected children', 'neglectful parents', 'trip around the world', 'candy factory', 'cat as narrator', ""based on children's book"", 'life in the city', 'mount everest']",2020
Seven Pounds,"['redemption', 'weak heart', 'heart patient', 'usa', 'united states', 'friendship', 'falling in love', 'tenderness', 'organ donor', 'boyfriend girlfriend relationship']",2008
"Hail, Caesar!","['film within a film', 'communist conspiracy', 'screenwriter', 'studio system', 'film industry', 'illegitimate pregnancy', 'studio executive', 'actor cast against type', 'dance number', 'stunt riding']",2016
The Ten Commandments,"['bare chested male bondage', 'male whipping', 'chest whipping', 'camel', 'biblical', 'biblical epic', 'tough guy', 'jew', 'construction site', 'based on novel']",1956
Sparks,"['pulp', 'superhero', 'based on graphic novel', 'based on comic book', 'based on comic', 'neo noir']",2013
The Big Country,"['revisionist western', 'rancher', 'long johns', 'retribution', 'retaliation', 'hazing', 'siege', 'redemption', 'assault', 'ranch foreman']",1958
Used Cars,"['car dealership', 'public nudity', 'used cars', 'voyeurism', 'breast groping', 'wobbling breasts', 'used car lot', 'used car salesman', 'voyeur', 'fake commercial']",1980
Gasoline Alley,"['murder investigation', 'police detective', 'bar', 'crime scene', 'dead body', 'multiple homicide', 'murder', 'blood on the wall', 'tattoo artist', 'tattoo parlor']",2022
The Summoned,[],2022
The Undefeated,"['american civil war', 'revolution', 'mexican revolution', 'ex soldier', 'french', 'army', 'band', 'cat', 'saber', 'rifle']",1969
The Amazing Spider-Man 2,"['secret identity', 'returning character killed off', 'death of girlfriend', 'costumed hero', 'superhero', 'marvel comics', 'aunt niece relationship', 'superhuman strength', 'orphan', 'masked vigilante']",2014
High & Low: The Worst X,"['martial arts action', 'rivalry']",2022
The Secret of Stamboul,"['1930s', 'secret agent', 'constantinople turkey', 'istanbul turkey', 'turkey the country', 'based on novel']",1936
Aquaman,"['tattooed man', 'damsel in distress', 'king', 'hand to hand combat', 'fight to the death', 'mother son relationship', 'ocean', 'dc comics', 'based on comic book', 'rescue']",2018
Ram Asur,[],2021
The Mission,"['boss', 'shootout', 'bodyguards', 'affairs', 'bullet proof vest', 'neck collar', 'shopping mall', 'taxi', 'brotherhood', 'sniper']",1986
Taking Woodstock,"['male full frontal nudity', 'female nudity', 'male nudity', 'male frontal nudity', 'lsd', 'hippie', 'female full frontal nudity', 'female frontal nudity', 'hare krishna', 'council meeting']",2009
The Secret Agent Club,"['laser gun', 'secret agent', 'toy store', 'man wears a wig', 'timeframe 1990s', 'toy', 'child spy', 'wrestler as actor', 'hate', 'accidentally shooting oneself']",1996
Roughshod,"['runaway daughter', 'bushwhacker', 'escaped convict', 'shot in the chest', 'shot to death', 'timeframe 1890s', 'horse drawn carriage', 'horseback riding', 'older brother protects younger brother relationship', 'sonora california']",1949
The Lost Daughter,"['mother daughter relationship', 'unruly child', 'female nudity', 'daughter walks in on mother masturbating', 'parent', 'title directed by female', 'f rated', 'female protagonist', 'island', 'doll']",2021
Roadhouse 66,"['car', 'sabotage', 'road racing']",1984
Ghostbusters: Afterlife,"['ghost', 'ghostbuster', 'sequel', 'ghostbusters', 'farmhouse', 'single parent', 'teenager', 'child protagonist', 'teacher student relationship', 'scene after end credits']",2021
What If...,"['angel', 'business', 'goodbye', 'running', 'gift', 'spirituality', 'christian', 'engagement ring', 'piggy bank', 'bribery']",2010
Dangerous Game,"['film director', 'filmmaker', 'actor', 'actress', 'psychological abuse', 'rape', 'filmmaking', 'independent film', 'film within a film', 'casting couch']",2017
Muddula Mavayya,"['umbrella', 'rain', 'funeral', 'cremation', 'grief', 'weeping', 'dying woman', 'baby', 'childbirth', 'love']",1989
Chicago,"['prison', 'newspaper', 'bad girl', 'based on stage musical', 'jazz age', 'remake', 'lifting a female into the air', 'murder of a nude man', 'murder of a nude woman', 'woman murders a woman']",2002
Island in the Sky,"['cold weather', 'freeze', 'transport aircraft', 'cold the temperature', 'cold', 'two engine airplane', 'survival adventure', 'survival', 'ymca', 'spam']",1953
Party Girl,"['mob lawyer', 'organized crime', 'film noir in color', 'estranged wife', 'limping man', 'defense attorney', 'roommate', 'kidnapped woman', 'speak easy', 'murder trial']",1958
Intervention,"['found footage', 'internet', 'internet horror', 'psychological', 'psychological horror', 'birthday', 'video call', 'amnesia', 'groundhog day', 'time loop']",2022
White Chicks,"['whiteface', 'undercover', 'dress shop', 'dancing', 'undercover agent', 'ice cream', 'latex mask', 'violin', 'restaurant', 'oyster']",2004
Versus,"['forest', 'portal', 'resurrection', 'zombie', 'sword', 'katana sword', 'murderess', 'murdered with a sword', 'murder spree', 'man murders a woman']",2000
Steptoe and Son Ride Again,"['1970s', 'red dress', 'upskirt', 'white panties', 'panties', 'hot pants', 'sitcom', 'based on tv show', 'business', 'father']",1973
Wild Orchid,"['fear of intimacy', 'sex scene', 'watching sex', 'lust', 'female frontal nudity', 'rio de janeiro brazil', 'passion', 'kissing while having sex', 'female lawyer', 'sexy female lawyer']",1989
Dandupalya,['based on true story'],2012
Boy,"['crush', 'beach', 'party', 'coming of age', 'goat', 'school', 'reference to michael jackson', 'child protagonist', 'family home', 'hickey']",2010
The Way We Were,"['new york city', 'unfaithfulness', 'infidelity', 'year 1933', 'year 1944', 'soviet flag', 'reference to karl marx', 'american communist', 'class of 1937', 'kibbutz']",1973
Scrooge: A Christmas Carol,"['christmas', 'holiday', 'travel', 'sing', 'cgi animation', 'computer animation', '3d animation', 'character name as title', 'ghost', 'based on novel']",2022
Eight Legged Freaks,"['giant spider', 'town in panic', 'arizona desert', 'arizona', 'psychotronic film', 'natural horror', 'grindhouse film', 'female police officer', 'car', 'automobile']",2002
Jumper,"['teleportation', 'bank', 'theft', 'water', 'based on novel', 'travel', 'vault', 'ice', 'bank vault', 'paladin']",2008
The Final Terror,"['slasher', 'camping', 'woods', 'stalker', 'characters killed one by one', 'sexploitation', 'female feet', 'torturer', 'evil woman', 'slaughter']",1983
Gidget Goes Hawaiian,"['gidget character', 'three word title', 'psychotronic film', 'prologue', 'scene during opening credits', 'hawaii', 'beach', 'hula dance', 'chopstick', 'jealousy']",1961
The Den,"['computer', 'talking to the camera', 'murder', 'hooded killer', 'hanged by the neck', 'car crash', 'ball peen hammer', 'suffocated to death', 'abduction', 'murder of a police officer']",2013
Nae yeojachingureul sogae habnida,"['south korea', 'female police officer', 'police officer', 'drug dealer', 'teacher', 'police', 'high school', 'gun', 'criminal', 'twin']",2004
The Bribe,"['woman singing', 'man killed by a shark', 'extramarital love affair', 'central america', 'fishing boat', 'attempted bribe', 'tropical island', 'tropical heat', 'pilot', 'marlin fishing']",1949
Camelot,"['sir lancelot du lac character', 'sir mordred character', 'king arthur character', 'merlin character', 'queen guinevere character', 'king', 'begins with an overture', 'knight', 'marriage', 'king arthur']",1967
Center Stage,"['gay', 'homosexual', 'ballet', 'lincoln center for the performing arts', 'dance academy', 'american ballet academy', 'dance movie', 'dancer', 'dancing', 'dance']",2000
The Spirit of St. Louis,"['transatlantic flight', 'endurance', 'airplane cockpit', 'alone', 'flying over the ocean', 'u.s. hero', 'aviation', 'atlantic ocean', 'year 1927', 'ocean crossing']",1957
Freejack,"['mind transfer', 'billionaire', 'time travel', 'dystopia', 'on the run', 'cyberpunk', 'automobile racing', 'title spoken by character', 'timeframe 1990s', 'timeframe 2000s']",1992
The Princess and the Goblin,"['star died before release', 'king', 'cult film', 'hungary', 'princess', 'goblin', '2d animation', 'independent film', 'based on book']",1991
Viridiana,"['nun', 'novice', 'da vinci last supper', 'suspected rape', 'wedding veil', 'drugged', 'barefoot', 'suicide by hanging', 'jumping rope', 'female feet']",1961
Fire on the Amazon,"['deforestation', 'amazon', 'female star appears nude', 'indigenous rights', 'rainforest', 'independent film', 'breasts', 'female nudity', 'doggystyle sex', 'woman wears pasties']",1993
Daleks' Invasion Earth 2150 A.D.,"['police', 'whistle', 'thief', 'robber', 'robbery', 'theft', 'monitor', 'computer', 'bicycle', 'disappearance']",1966
Letters to Juliet,"['writer', 'starring real life couple', 'vineyard', 'verona italy', 'female protagonist', 'lost letter', 'love triangle', 'fiance fiancee relationship', 'tuscany', ""reference to shakespeare's romeo and juliet""]",2010
Thieves' Highway,"['truck driver', 'truck rollover', 'wholesale produce business', 'blown out tire', 'amputated leg', 'san francisco california', 'vegetable vendor', 'purchase', 'sale', 'apple']",1949
Daddy's Home,"['sweat', 'pull', 'pull ups', 'push', 'muscle', 'muscular', 'parent', 'parenting', 'pal', 'sweet']",2015
The Man Who Never Was,"['dead body', 'world war two', 'based on true story', 'europe', 'espionage', 'covert operation', 'false identity', 'corpse', 'secret service', 'based on book']",1956
Number Seventeen,"['shadow', 'based on play', 'based on novel', 'pretending to be deaf', 'drinking from a bottle', 'man punches a woman', 'period in title', 'typographic abbreviation in title', 'numero symbol in title', 'detective']",1932
Rage,"['scene during end credits', 'revenge', 'paralysis', 'surprise during end credits', 'ambiguous ending', 'home invasion', 'brass knuckles', 'lightning', 'stripper', 'strip club']",1995
The Deep Ones,"['beach', 'cthulhu mythos', 'h.p. lovecraft', 'cult', 'transgender', 'lesbian', 'female rear nudity', 'female full frontal nudity', 'female pubic hair', 'crying female']",2020
The Adventures of Ichabod and Mr. Toad,"['headless horseman', 'thought bubble', 'bowler hat', 'gun battle', 'monocle', 'booking clerk', 'prosecutor', 'lawyer wig', 'judge wig', 'chain ball']",1949
Gremlins,"['chinatown', '1980s', 'christmas', 'monster', 'gift', 'creature', 'dumb cop', 'shady businesswoman', 'greedy banker', 'christmas horror']",1984
A Dark Truth,"['south america', 'suspense', 'evil corporation', 'corporate crime', 'corporate conspiracy', 'conspiracy', 'american abroad', 'three word title', '2010s', 'no opening credits']",2012
Avengers: Infinity War Demastered,[],2019
Blind Fury,"['child gagged', 'vietnam war', 'vietnam war veteran', 'ninjitsu', 'remake of japanese film', 'blind man', 'sword fight', 'punk rocker', 'campy', 'male protagonist']",1989
La Belle Époque,"['husband wife relationship', 'husband wife conflict', 'dinner', 'actor', 'actress', 'painting', 'theatrical play', 'sex scene', 'sex orgy', 'talking during sex']",2019
"Spirits of the Air, Gremlins of the Clouds","['psychotronic film', 'ozploitation', 'stranger', 'australian apocalyptic', 'australian science fiction', 'male female relationship', 'post apocalypse', 'religious fanaticism', 'religious icon', 'crucifix']",1987
Dr Jekyll & Sister Hyde,"['looking at oneself in a mirror', 'london england', '19th century', 'evil woman', 'breasts', 'serial killer', 'stabbed to death', 'prostitute', 'alter ego', 'femme fatale']",1971
The Complex: Lockdown,[],2020
Night Shift,"['actress shares first name with character', 'cigarette smoking', 'paris france', 'massage', 'female police officer', 'title directed by female', 'f rated', 'one word title', 'flashback', 'begins with a flashback']",1982
Being There,"['gardener', 'politics', 'presidential visit', 'washington d.c.', 'wealth', 'death', 'man with no name', 'impotence', 'terminal illness', 'television studio']",1979
Kirik Party,['college'],2016
Street Fighter: The Legend of Chun-Li,"['tied feet', 'disney', 'female police officer', 'chun li character', 'charlie nash character', 'm. bison character', 'gen character', 'vega character', 'balrog character', 'rose character']",2009
The Salvation,"['vengeance', 'revenge', 'violence', 'rape', 'rape and revenge', 'gang leader', '1870s', 'dead boy', 'taunting', 'thirst']",2014
Site,['government'],2022
Detetives do Prédio Azul 3: Uma Aventura no Fim do Mundo,"['children', 'ushuaia argentina', 'brazilian abroad', 'brazilian in argentina']",2020
Between Midnight and Dawn,"['squad car', 'child in jeopardy', 'police', 'secretary', 'police officer', 'time in title', 'world war two veteran', 'widow', 'male female relationship', 'trial']",1950
The Halfway House,"['man spanks woman', 'cardiff wales', 'london england', 'inner temple london', 'wales', 'west end london', 'bristol england', 'irish', 'lies', 'piano']",1944
Five Nights at Freddy's: The Fan Movie,[],2017
Ant-Man and the Wasp: Quantumania,"['shared universe', 'superhero', 'marvel comics', 'miniaturized man', 'shrinking', 'ant', 'miniaturization', 'miniaturized human', 'ant man character', 'shrinking man']",2023
For the Boys,"['american flag', 'scene during opening credits', 'singer', 'entertainer', 'dancer', 'korean war', 'song', 'singing', 'concert', 'world war two']",1991
Me Before You,"['euthanasia', 'assisted suicide', 'accident', 'unemployment', 'male nurse', 'disability', 'unskilled worker', 'working class family', 'extreme wealth', 'f rated']",2016
They Live by Night,"['pet dog', 'singing', 'christmas tree', 'sweet potato pie', 'escaped convict', 'fugitive', 'double cross', 'shot to death', 'on the run', 'lovers on the lam']",1948
Fantômas - À l'ombre de la guillotine,"['silent film', 'france', 'hotel', 'duchess', 'theft', 'disguise', 'master of disguise', 'surete', 'inspector', 'detective']",1913
L'appât,"['two women in bathtub', 'victim', 'topless female nudity', 'female nudity', 'greed', 'robbery', 'paris france', 'sexuality', 'infidelity', 'seduction']",1995
Aviyal,['anthology film'],2016
Woman Walks Ahead,"['native american', 'insect', 'widow', '19th century', 'f rated', 'american indian', 'genocide', 'massacre', 'shooting', 'murder']",2017
Street Smart,"['car', 'automobile', 'u.s. car', 'cadillac', 'cadillac motor vehicle', 'prostitution', 'sex work', 'sex worker', 'media manipulation', 'fake news']",1987
Halloween: The Curse of Michael Myers,"['halloween', 'slasher', 'hospital', 'knife', 'occult', 'sequel', 'psychopath', 'good versus evil', 'masked killer', 'violence']",1995
Dudley Do-Right,"['royal canadian mounted police', 'gold rush', 'canada', 'based on cartoon', 'reference to wayne gretzky', 'reference to bette midler', 'u.s. canadian border', 'gift shop', 'mini golf', 'dirt bike']",1999
Babylon,[],2022
Bull,[],2023
"Oh, Ramona!","['female sexual predator', 'girl sexually abuses boy', 'female rapist', 'male rape victim', 'female bully', 'adolescence', 'name in title', 'coming of age', 'slow motion scene', 'sexual attraction']",2019
Cargo,"['zombie', 'boat', 'child killing', 'creature', 'baby', 'f rated', 'based on short film', 'australian aborigine', 'riverboat', 'infection']",2017
"Largado, ibabalik kita sa pinanggalingan mo!",['character name in title'],1999
Dead Shack,"['splatter', 'black comedy', 'psychotronic film', 'cabin', 'zombie', 'zombie family', 'teenager', 'cabin in the woods', 'axe', 'blood']",2017
A Hard Day's Night,"['the beatles', 'beatlemania', ""rock 'n' roll"", '1960s', 'man in a bathtub', 'english culture', 'screaming', 'rock star', 'rock concert', 'train station']",1964
"The Phantom from 10,000 Leagues","['radiation made monster', 'psychotronic film', 'cult film', 'natural horror', 'creature feature', 'pacific coast', 'marine biology', 'foreign agent', 'government agent', 'pacific ocean']",1955
The Victim,"['accidental murder', 'serial murder', 'murder', 'loner', 'cabin', 'sex in bed', 'dead prostitute', 'broken neck', 'psychopath', 'female nudity']",2011
Sky High,"['coming of age', 'non comic book superhero', 'superheroine', 'teen movie', 'male protagonist', 'teenage protagonist', 'slimehouse', 'title written by male', 'title directed by man', 'title directed by male']",2005
Carry on Jack,"['navy', 'carry on', 'camp', 'campy', 'british sex comedy', 'sex comedy', 'sex spoof', 'spoof', 'ship', 'eighth part']",1964
The Bike Thief,[],2020
Mission Extreme,['threat'],2021
City Slickers,"['fish out of water', 'herman the calf character', 'saddle sore', 'man horse relationship', 'woman horse relationship', 'learning to ride a horse', 'contemporary western', 'high concept comedy', 'buddy comedy', 'timeframe 1990s']",1991
Black Rock,"['female frontal nudity', 'hunter', 'crowdfunded', 'woman with a gun', 'woman in jeopardy', 'remote island', 'hand job', 'brother brother relationship', 'tent', 'gun']",2012
The Day the Earth Caught Fire,"['newspaper', 'reporter', 'journalist', 'nuclear bomb', 'newsroom', 'investigative journalist', 'disaster film', 'psychotronic film', 'nuclear weapon', 'co written by director']",1961
Short Term 12,"['teenager', 'strong female character', 'self harm', 'therapy', 'suicide attempt', 'self mutilation', 'group therapy', 'strong female lead', 'social worker', 'drawing']",2013
Fogo-Fátuo,"['male nudity', 'gay interest', 'avant garde', 'male frontal nudity', 'fireman', 'male rear nudity', 'monarchy', 'locker room', 'male explicit nudity', 'ejaculation']",2022
My Son,"['kidnapping', 'pedophilia', 'remake by original director', 'missing child', 'divorced parents', 'divorced husband wife relationship']",2021
Don't Let Go,"['psychotronic film', 'family murdered', 'blood', 'smartphone', 'evidence', 'phone call from beyond the grave', 'mysterious phone call', 'mystery from beyond the grave', 'changing the past', 'time travel']",2019
Up in the Air,"['downsizing', 'job termination', 'on the road', 'travel', 'business trip', 'airport', 'corporate culture', 'hotel', 'computer', 'unemployment']",2009
Star Wars: Fight of the Empire,[],2022
The Banana Splits Movie,"['television studio', 'birthday party', 'evil robot', 'mother son relationship', 'based on tv series', 'violence', 'intestines', 'body cut in two', 'decapitation', 'gore']",2019
Double Team,"['opens with a car chase', 'car explosion', 'two word title', 'time bomb', 'man murders a woman', 'murder', 'african american', 'columbia tristar', 'columbia tristar home video', 'hit with a trash can']",1997
Singapore,"['pearl necklace', 'gin sling', 'flashback', 'romantic triangle', 'singapore', 'japanese', 'pearls', 'amnesia', 'prison camp', 'invasion']",1947
Mee-Shee: The Water Giant,"['propeller airplane', 'headphones', 'elk', 'atlanta braves baseball cap', 'ponytail', 'telescope', 'boat', 'boy riding a bicycle', 'back pack', 'boy']",2005
Kristy,"['cell phone video', 'cell phone', 'serial killers', 'evil cult', 'home invasion', 'thanksgiving', 'cult', 'convenience store', 'f rated', 'scene after end credits']",2014
Angst,"['female stockinged legs', 'black pantyhose', 'pantyhose', 'maniac', 'home invasion', 'murder', 'lust', 'fondling', 'upskirt', 'white panties']",1983
Convict,"['one word title', 'male objectification', 'bare chested male', 'barefoot male', 'bare butt', 'humiliation', 'shower room', 'male in a shower', 'man in a shower', 'group shower']",2014
One for the Money,"['tough woman', 'self defense', 'new jersey', 'bounty hunting', 'bail jumper', 'bail recovery agent', 'revolver', 'male nudity', 'bare butt', 'nudist']",2012
Umma,"['f rated', 'title directed by female', 'electrophobia', 'mother daughter relationship', 'child abuse', 'immigrant', 'bee keeping', 'kerosene lamp', 'korean immigrant', 'cremated remains']",2022
"Mektoub, My Love: Intermezzo","['sequel', 'nightclub', 'club', 'sexuality', 'beach', 'female full rear nudity', 'bare breasts', 'female full frontal nudity', 'cheating husband', 'large breasts']",2019
Resident Evil,"['doberman', 'cut into pieces', 'zombie', 'amnesia', 'commando', 'zombie outbreak', 'kissing while having sex', 'zombie apocalypse', 'quarantine', 'flashback']",2002
The Goldfinch,"['pulitzer prize source', 'new york city', 'bombing', 'museum', 'painting', 'explosion', 'head wound', 'friend', 'friendship', 'shootout']",2019
The Unsinkable Molly Brown,"['music lesson', 'f rated', 'character name as title', 'molly brown character', 'slingshot', ""wearing a lamp shade on one's head"", 'exuberant woman', 'drinking champagne from a bottle', 'husband wife relationship', 'man carries a woman']",1964
Parasmani,"['love', 'singer', 'dancer', 'magic', 'king', 'competition', 'challenge', 'quest', 'long lost son']",1963
Colonia,"['cult', 'escape', 'secret prison', 'religion', 'religious fanatic', 'torture', 'chile', 'colonia dignidad', 'man slaps a woman', 'electric torture']",2015
Out of Liberty,"['religion', 'mormons']",2019
Little Nicky,"['hell', 'devil', 'angel', 'fish out of water', 'satanist', 'sibling rivalry', 'reference to chicago the band', 'apocalypse', 'peppermint schnapps', 'cameo appearance']",2000
God's Not Dead: We the People,"['christian', 'christian film', 'homeschooling', 'god in title', 'christian propaganda', 'religious nut']",2021
In Like Flynn,"['bare chested male', 'friendship', 'boat', 'errol flynn character', 'based on true story']",2018
Home Room,"['goth girl', 'high school', 'shooting', 'teen angst', 'bitterness', 'sadness', 'confusion', 'dark secret', 'secret', 'sadism']",2002
Scandal,"['member of parliament', 'what happened to epilogue', 'female rear nudity', 'lust', 'infatuation', 'seduction', 'brunette', 'miscarriage of justice', 'media hype', 'scapegoat']",1989
Embryo,"['science runs amok', 'human experimentation', 'accelerated growth', 'cult', 'woman wears only a shirt', 'cadillac', 'pontiac firebird', 'body horror', 'science gone wrong', 'human embryo']",1976
Easy Virtue,"['fox hunt', 'dysfunctional family', 'american abroad', 'newlywed couple', 'estate', 'manipulation', 'female nudity', 'family relationships', 'divorce', 'unhappy marriage']",2008
Like Someone in Love,"['older man younger woman relationship', 'boyfriend girlfriend relationship', 'infidelity', 'japanese girl', 'deception', 'call girl', 'four word title', 'japanese woman', 'coming to capital', 'red hair']",2012
Jawaan,['robbery'],2017
Sempre più bello,['orphan'],2021
The Canal,"['infidelity', 'female nudity', 'cheating wife', 'father son relationship', 'vomiting', 'nudity', 'young son', 'reference to cat people movie', 'old movies', 'nightmares']",2014
The Deeper You Dig,"['daughter', 'tarot cards', 'actual animal killed']",2019
Severance,"['female nudity', 'urinating on a dead body', 'grindhouse film', 'absurd violence', 'backwoods slasher', 'one word title', 'landmine', 'foot chase', 'stabbing death', 'female twins']",2006
A Hologram for the King,"['backhoe', 'male in a shower', 'skin diving', 'overhead camera shot', 'cell phone', 'arab', 'arabia', 'woman wears a bikini', 'male protagonist', 'music score composed by director']",2016
Gambler,"['gangster', 'police inspector', 'police', 'murder of a police officer', 'hitman', 'courage', 'professional assassin', 'cat', 'terminal illness', 'jumping from height']",1995
White Lightning,"['moonshine', 'car chase', 'southern gothic', 'hixploitation', 'action hero', 'shootout', 'gunfight', 'violence', 'disarming someone', 'showdown']",1973
The League of Gentlemen,"['bank robbery', 'heist', 'based on novel', 'bare chested male', 'homosexual subtext', 'male female relationship', 'male male relationship', 'army veteran', 'crime caper', 'supply depot']",1960
Exists,"['bigfoot', 'forest', 'found footage', 'fake documentary', 'hand camera', 'helmet camera', 'sasquatch', 'cabin in the woods', 'nude swimming', 'male nudity']",2014
Last Chance Harvey,"['pantyhose', 'patterned pantyhose', 'female stockinged legs', 'wedding', 'middle age romance', 'quitting job', 'dancing', 'piano playing', 'wedding toast', 'divorced parents']",2008
The Three Investigators and the Secret of Skeleton Island,"['pirate', 'young detectives', 'amateur detective', 'based on novel']",2007
Dog Days,"['dog', 'los angeles california', 'five stories', 'female newscaster', 'fictional tv show', 'interview', 'ex football player', 'waiter', 'coffee shop', 'dog walker']",2018
Breathing Fire,"['kissing', 'safecracking', 'ends with freeze frame', 'training montage', 'bank robbery', 'broken leg', 'martial arts training', 'bare chested male fighting', 'bare chested male', 'teenager']",1991
Just Before I Go,"['closeted homosexual', 'interracial gay couple', 'fat insult', 'down syndrome', 'hate crime', 'lesbian mother', 'depression', 'mean teacher', 'hospice', 'dysfunctional family']",2014
Bumblebee,"['prequel', 'transformer robot', 'bumblebee the autobot', 'birthday', 'spin off', 'one word title', 'interspecies friendship', 'insect in title', 'year 1987', 'violence']",2018
The Twin,"['grieving mother', 'dead son', 'delusion', 'delusional', 'delusional woman', 'coping mechanism', 'insanity', 'wife accidentally kills husband', 'tragic accident', 'son killed']",2022
Yoga Hosers,"['yoga', 'disgruntled customer', 'female friendship', 'second part', 'playing drums', 'band member', 'knocking on a glass window in a door', 'yoga instructor', 'female gym teacher', 'reference to adolf hitler']",2016
An Evening with Beverly Luff Linn,"['marriage', 'female nudity']",2018
King Kong Lives,"['childbirth', 'gorilla', 'giant gorilla', 'heart rate monitor', 'redneck', 'panic', 'moon', 'forest', 'soldier', 'presumed dead']",1986
Tycoon,"['railroad', 'ethics', 'mountain', 'engineer', 'south america', 'gorge', 'bridge', 'one word title', 'railroad bridge', ""boss' daughter""]",1947
Two Weeks,"['mother', 'dying', 'family relationships', 'loss of mother', 'sunglasses', 'rabbi', 'morphine', 'grief', 'dinner', 'cremation']",2006
Filosofi Kopi,"['coffee', 'work', 'job', 'business', 'friend', 'shop', 'life', 'drink', 'car', 'journey']",2015
Sorry to Bother You,"['absurdism', 'social satire', 'oakland california', 'telemarketing', 'black american', 'satire', 'living in a garage', 'capitalism', 'labor strike', 'slave labor']",2018
Half Magic,"['female nudity', 'breast', 'female full rear nudity', 'female masturbation', 'blonde', 'cleavage', 'minidress', 'sex comedy', 'f rated']",2018
Song of the Assassins,['assassin'],2022
The Last Patrol,"['low budget', 'earthquake', 'future', 'california', 'handcuffs', 'mixed martial arts', 'brawl', 'fight', 'fistfight', 'sniper rifle']",2000
Prancer,"['reindeer', 'christmas', 'farm', 'barn', 'girl', 'santa claus', 'small town', 'letter to santa claus', 'single father', 'sled']",1989
Möbius,"['oligarch', 'espionage', 'heliport', 'yacht', 'newspaper', 'cia central intelligence agency', 'timeframe 2000s', 'female frontal nudity', 'money laundering', 'trader']",2013
Trial by Jury,"['antique clothing store', 'jury member', 'hooker', 'protected witness', 'three word title', 'murder', 'murder trial', 'divorced woman young son relationship', 'coercing witness', 'jury tampering']",1994
Bad Teacher,"['breast exam', 'fired from a job', 'bribery', 'bad teacher', 'cheating on a test', 'breast enlargement', 'breast surgery', 'female nudity', 'schoolteacher', 'gold digger']",2011
Benedetta,"['nun', 'catholic nun', 'catholicism', 'convent', 'crucifix', 'stigmata', 'lesbianism', '17th century', 'female full frontal nudity', 'blasphemy']",2021
Thunderbird 6,"['aircraft', 'jeff tracy character', 'secret base', 'space station', 'island', 'thunderbird 2', 'based on tv series', 'couch', 'airplane', 'man laughing']",1968
A Night in Old Mexico,"['chihuahua mexico', 'mexico', 'aging cowboy', ""losing one's ranch"", 'u.s. mexico border', 'border crossing', 'gasoline station', 'gasoline station attendant', 'surveyor', 'song']",2013
Ghosts of the Ozarks,['doctor'],2021
Some Kind of Beautiful,"['teacher student affair', 'bare chested male', 'cowgirl sex position', 'hummer h2', 'car key', 'sheer panties', 'tee ball', 'gynecological exam', 'caught having sex', 'ford mustang convertible']",2014
PTU,"['female police officer deceased', 'police officer', 'female police officer', 'one night timespan', 'police shootout', 'female gunfighter', 'interrogation', 'shootout', 'police violence', 'shot to death']",2003
Holy Spider,"['sex worker', 'sex work', 'prostitute', 'street prostitute', 'hooker', 'religious fundamentalism', 'muslim', 'islamic fundamentalism', 'religion', 'religious extremist']",2022
Beaches,"['singer', 'friendship', 'friendship between women', 'female protagonist', 'pantyhose', 'suntan pantyhose', 'female stockinged legs', 'female stockinged feet', 'manhattan new york city', 'childhood friend']",1988
Dark Blue,"['year 1992', 'neo noir', 'corrupt cop', 'police officer', 'police detective', 'urban decay', 'two word title', 'no opening credits', 'social decay', 'film with ambiguous title']",2002
The Rising Hawk,"['village', 'mongol', 'mongol empire', '13th century', 'carpathian mountains', 'blacksmith', 'bear', 'hunt', 'mute man', 'one eyed man']",2019
Tarzan the Ape Man,"['savages', 'tarzan', 'africa', 'swinging on a vine', 'loincloth', 'exotic locale', 'based on novel', 'racist', 'whipping', 'falling from height']",1932
Warrior,"['tournament', 'father son relationship', 'martial arts tournament', 'mixed martial arts', 'brother brother relationship', 'boxing ring', 'bruise', 'original story', 'alcoholic', 'forgiveness']",2011
Destination Moon,"['space walk', 'moon', 'outer space', 'moon landing', 'u.s. government', 'woody woodpecker character', 'explosion', 'sabotage', 'rocket', 'watching a movie']",1950
Bangara s/o Bangarada Manushya,[],2017
Once Fallen,['two word title'],2010
Host,"['laptop screen', 'evil', 'death', 'paranormal entity', 'computer screen', 'fear', 'friend', 'found footage', 'quarantine', 'computer']",2020
Static,"['home invasion', '3 dimensional', 'pond', 'nipples visible through clothing', 'see through', 'knocking on a door', 'sex', 'supernatural power', 'flashback', 'guilt']",2012
Last Summer,"['friendship', 'rape', 'date rape', 'acquaintance rape', 'girl wears a bikini', 'bare breasts', 'male full rear nudity', 'large breasts', 'summer', 'friend']",1969
Bob Roberts,"['political satire', 'election campaign', 'satire', 'mockumentary', 'fake documentary', 'folk singer', 'reference to bob dylan', 'propaganda', 'political comedy', 'senate election']",1992
Teen Titans: Alpha,[],2022
Blast from the Past,"['mother son relationship', 'father son relationship', 'fish out of water', 'baseball card', 'genius', 'religious cult', 'montage', '1990s', 'bomb shelter', 'cuban missile crisis']",1999
Tinker Tailor Soldier Spy,"['spy', 'cold war', 'mole', 'double agent', 'woman on top', 'intelligence', 'espionage', '1970s', 'budapest hungary', 'neo noir']",2011
Patthar Ke Sanam,"['friendship', 'love triangle', 'title sung by character']",1967
Hoodlums,"['exploitation', 'prostitute', 'female nudity', 'rescue', 'singer', 'love', 'murder', 'vigilante', 'affair', 'nightclub']",1980
The Brothers Bloom,"['con man', 'neo screwball comedy', 'nitroglycerin', 'saint petersburg russia', 'stealing food', ""character repeats someone else's dialogue"", 'caper crime', 'prague czechoslovakia', 'heiress', 'eccentric']",2008
Howard Lovecraft & the Undersea Kingdom,"['h.p. lovecraft', 'cthulhu mythos', 'cthulhu', 'rescuing family', 'sequel', 'dagon', 'goth', 'little boy', 'interdimensional travel']",2017
In a Valley of Violence,"['wild west', 'small town', 'vengeance', 'street shootout', 'left for dead', 'one against many', 'wilhelm scream', 'ex soldier', 'ex cavalry soldier', 'army deserter']",2016
Roads of Fear,['skull'],2022
Harry Potter and the Deathly Hallows: Part 1,"['magic', 'based on young adult novel', 'fear', 'cemetery', 'sequel', 'harry potter movie franchise', 'cgi character in a live action movie', 'thief', 'witch', 'torture']",2010
Panic on the Air,"['b movie', 'damsel in distress', 'held at gunpoint', ""mustache penciled on lincoln's face"", 'briggs stadium detroit', 'newsreel footage', 'baseball world series game', 'radio sports announcer', 'cocky radio announcer', 'polo grounds baseball stadium']",1936
Ajji,"['rapist', 'vengeance', 'grandmother', 'rape', 'rape and revenge']",2017
Waves,"['african american', 'teenage pregnancy', 'manatee', 'family relationships', 'father daughter relationship', 'brother sister relationship', 'vomiting', 'vomiting into a toilet', 'drug use', 'teenager']",2019
Days of Heaven,"['farm', 'train', 'wealth', 'farm worker', 'seasonal work', 'plague', 'river', 'hunt', 'farmer', 'girlfriend']",1978
Ulagam Sutrum Valiban,"['hero', 'scientist', 'rescue', 'abduction', 'directed by star', 'boyfriend girlfriend relationship', 'dual role', 'research', 'genius', 'rival']",1973
49th Parallel,"['u boat', 'episodic structure', 'propaganda', 'world war two', 'bare chested male', 'hairy chest', 'forty ninth parallel', 'airplane crash', 'gulf of st lawrence', 'aerial bombing']",1941
Faults,"['cult', 'mind control', 'death', 'kidnapping', 'sexual innuendo', 'panties', 'personal crisis', 'crisis', 'plan', 'mysterious person']",2014
Wilt,"['inflatable doll', 'based on novel', 'independent film']",1989
Love You to the Stars and Back,"['f rated', 'astronomical object in title', 'alien']",2017
Balakot: the true story,['strike'],2020
